{
    "steps_taken": 8.41979336595976,
    "distance_to_goal": 6.205662964407178,
    "success": 0.40456769983686786,
    "oracle_success": 0.5144100054377378,
    "path_length": 10.902220283906953,
    "collisions": 0.06442009807317706,
    "spl": 0.3541331549062317,
    "ndtw": 0.5498158013298116
}