{
    "steps_taken": 8.544987146529563,
    "distance_to_goal": 5.192498503937589,
    "success": 0.5089974293059126,
    "oracle_success": 0.6118251928020566,
    "path_length": 11.487665692363977,
    "collisions": 0.0496997801394942,
    "spl": 0.4525281911724788,
    "ndtw": 0.6114590883436751
}