{
    "steps_taken": 9.161953727506427,
    "distance_to_goal": 5.019560326781401,
    "success": 0.4974293059125964,
    "oracle_success": 0.5874035989717223,
    "path_length": 12.484745850814635,
    "collisions": 0.05822871735510708,
    "spl": 0.4372348247444797,
    "ndtw": 0.5766464496456712
}