{
    "steps_taken": 9.25720500271887,
    "distance_to_goal": 5.747291215645304,
    "success": 0.44045676998368677,
    "oracle_success": 0.5296356715606307,
    "path_length": 12.256844394005814,
    "spl": 0.38877622947725693,
    "ndtw": 0.5397373861011818
}