{
    "steps_taken": 9.766666666666667,
    "distance_to_goal": 6.994436959425609,
    "success": 0.3,
    "oracle_success": 0.4666666666666667,
    "path_length": 13.374119640721403,
    "spl": 0.23855137602135154,
    "ndtw": 0.427879623421055
}