{
    "evaluate_episodes": 1839,
    "steps_taken": 17.6226209896683,
    "distance_to_goal": 6.231520797109283,
    "success": 0.4083741163675911,
    "oracle_success": 0.5160413268080478,
    "path_length": 19.677755946002982,
    "spl": 0.35526174969594015,
    "ndtw": 0.5449306839860284
}